<?xml version="1.0"?>
<CREOLE-DIRECTORY ID="org.vse.fis.keg.Entityclassifier NER Stand Alone" VERSION="1.0">
    <JAR scan="true">Entityclassifier.eu_NER-1.0.jar</JAR>
</CREOLE-DIRECTORY>
<?xml version="1.0"?>
<CREOLE-DIRECTORY ID="org.vse.fis.keg.Entityclassifier NER Stand Alone" VERSION="1.0">
    <JAR scan="true">Entityclassifier.eu_NER-1.0.jar</JAR>
</CREOLE-DIRECTORY>
<?xml version="1.0"?>
<CREOLE-DIRECTORY ID="org.vse.fis.keg.Entityclassifier NER Stand Alone" VERSION="1.0">
    <JAR scan="true">Entityclassifier.eu_NER-1.0.jar</JAR>
</CREOLE-DIRECTORY>
<?xml version="1.0"?>
<CREOLE-DIRECTORY ID="org.vse.fis.keg.Entityclassifier NER Stand Alone" VERSION="1.0">
    <JAR scan="true">Entityclassifier.eu_NER-1.0.jar</JAR>
</CREOLE-DIRECTORY>
<?xml version="1.0"?>
<CREOLE-DIRECTORY ID="org.vse.fis.keg.Entityclassifier NER Stand Alone" VERSION="1.0">
    <JAR scan="true">Entityclassifier.eu_NER-1.0.jar</JAR>
</CREOLE-DIRECTORY>
